<?xml version="1.0" encoding="UTF-8"?>
<configuration>

	<appender name="STDOUT" class="ch.qos.logback.core.ConsoleAppender">
	    <layout class="ch.qos.logback.classic.PatternLayout">
		<Pattern>
			%d{yyyy-MM-dd HH:mm:ss} %-5level %logger{36} - %msg%n
		</Pattern>
	    </layout>
	</appender>
	<appender name="fileAppender" class="ch.qos.logback.core.FileAppender">
        <file>myLog.log</file>
        <append>true</append>
        <encoder>
            <pattern>%d [%thread] %-5level  %logger{35} - %msg%n</pattern>
        </encoder>
    </appender>
     
	<!-- %5p ({%t} %F[%M]:%L) [%d] HIHI- %m%n -->
	<logger name="org.springframework" level="info" additivity="false">
		<appender-ref ref="STDOUT" />
		<appender-ref ref="fileAppender" />
	</logger>

	<root level="debug">
		<appender-ref ref="STDOUT" />
	</root>

</configuration>